run,group,accuracy,test_quality,completeness,total,requirement_mean,acceptance_passed,acceptance_total,requirement_rates,rules_covered_by_tests,branch_coverage,branch_total,assemble_ok,self_tests_ok,self_tests,test_rerun,boot_ok,boot_ttl_ok,failure_categories,status,cost_usd,minutes,compactions,discard
A-1,A,60.0,28.69,10,98.69,1.0,92,92,"{""R1"": 1.0, ""R2"": 1.0, ""R3"": 1.0, ""R4"": 1.0, ""R5"": 1.0, ""R6"": 1.0, ""R7"": 1.0, ""R8"": 1.0, ""R9"": 1.0, ""R10"": 1.0, ""R11"": 1.0}",48,0.8693,176,True,True,151,False,True,True,{},success,4.303171,20.6,0,False
A-2,A,60.0,29.1,10,99.1,1.0,92,92,"{""R1"": 1.0, ""R2"": 1.0, ""R3"": 1.0, ""R4"": 1.0, ""R5"": 1.0, ""R6"": 1.0, ""R7"": 1.0, ""R8"": 1.0, ""R9"": 1.0, ""R10"": 1.0, ""R11"": 1.0}",48,0.9103,234,True,True,88,False,True,True,{},success,3.3553079999999995,17.1,0,False
A-3,A,60.0,28.95,10,98.95,1.0,92,92,"{""R1"": 1.0, ""R2"": 1.0, ""R3"": 1.0, ""R4"": 1.0, ""R5"": 1.0, ""R6"": 1.0, ""R7"": 1.0, ""R8"": 1.0, ""R9"": 1.0, ""R10"": 1.0, ""R11"": 1.0}",48,0.895,200,True,True,151,False,True,True,{},success,4.3347932,20.6,0,False
B-1,B,60.0,29.23,10,99.23,1.0,92,92,"{""R1"": 1.0, ""R2"": 1.0, ""R3"": 1.0, ""R4"": 1.0, ""R5"": 1.0, ""R6"": 1.0, ""R7"": 1.0, ""R8"": 1.0, ""R9"": 1.0, ""R10"": 1.0, ""R11"": 1.0}",48,0.9235,170,True,True,146,False,True,True,{},success,4.636992200000001,20.8,0,False
B-2,B,60.0,28.94,10,98.94,1.0,92,92,"{""R1"": 1.0, ""R2"": 1.0, ""R3"": 1.0, ""R4"": 1.0, ""R5"": 1.0, ""R6"": 1.0, ""R7"": 1.0, ""R8"": 1.0, ""R9"": 1.0, ""R10"": 1.0, ""R11"": 1.0}",48,0.8938,160,True,True,120,False,True,True,{},success,4.2387098000000005,18.4,0,False
B-3,B,60.0,28.4,10,98.4,1.0,92,92,"{""R1"": 1.0, ""R2"": 1.0, ""R3"": 1.0, ""R4"": 1.0, ""R5"": 1.0, ""R6"": 1.0, ""R7"": 1.0, ""R8"": 1.0, ""R9"": 1.0, ""R10"": 1.0, ""R11"": 1.0}",48,0.8403,144,True,True,97,False,True,True,{},success,3.9336130000000002,17.6,0,False
C-1,C,60.0,28.87,10,98.87,1.0,92,92,"{""R1"": 1.0, ""R2"": 1.0, ""R3"": 1.0, ""R4"": 1.0, ""R5"": 1.0, ""R6"": 1.0, ""R7"": 1.0, ""R8"": 1.0, ""R9"": 1.0, ""R10"": 1.0, ""R11"": 1.0}",48,0.8873,142,True,True,270,False,True,True,{},success,9.104882499999999,47.7,0,False
C-2,C,60.0,27.51,10,97.51,1.0,92,92,"{""R1"": 1.0, ""R2"": 1.0, ""R3"": 1.0, ""R4"": 1.0, ""R5"": 1.0, ""R6"": 1.0, ""R7"": 1.0, ""R8"": 1.0, ""R9"": 1.0, ""R10"": 1.0, ""R11"": 1.0}",48,0.751,253,True,True,386,False,True,True,{},success,10.963117100000002,56.5,0,False
C-3,C,60.0,27.1,10,97.1,1.0,92,92,"{""R1"": 1.0, ""R2"": 1.0, ""R3"": 1.0, ""R4"": 1.0, ""R5"": 1.0, ""R6"": 1.0, ""R7"": 1.0, ""R8"": 1.0, ""R9"": 1.0, ""R10"": 1.0, ""R11"": 1.0}",48,0.7104,221,True,True,500,False,True,True,{},success,12.449895700000006,59.0,0,False
