run,group,accuracy,test_quality,completeness,total,pass_rate,acceptance_passed,acceptance_total,requirements_met,req_covered_by_tests,branch_coverage,assemble_ok,self_tests_ok,self_tests,test_rerun,boot_ok,failure_categories,status,cost_usd,minutes,compactions,discard
A-1,A,60.0,28.59,10,98.59,1.0,34,34,R1 R2 R3 R4 R5 R6 R7 R8,8,0.9062,True,True,58,False,True,{},success,1.3580012,5.9,0,False
A-2,A,60.0,27.38,10,97.38,1.0,34,34,R1 R2 R3 R4 R5 R6 R7 R8,8,0.825,True,True,45,False,True,{},success,1.016213,5.0,0,False
A-3,A,60.0,27.79,10,97.79,1.0,34,34,R1 R2 R3 R4 R5 R6 R7 R8,8,0.8529,True,True,55,False,True,{},success,1.2042216000000003,5.9,0,False
B-1,B,60.0,30.0,10,100.0,1.0,34,34,R1 R2 R3 R4 R5 R6 R7 R8,8,1.0,True,True,54,False,True,{},success,1.3622526,5.7,0,False
B-2,B,60.0,27.5,10,97.5,1.0,34,34,R1 R2 R3 R4 R5 R6 R7 R8,8,0.8333,True,True,55,False,True,{},success,1.6087530000000005,7.0,0,False
B-3,B,60.0,29.32,10,99.32,1.0,34,34,R1 R2 R3 R4 R5 R6 R7 R8,8,0.9545,True,True,49,False,True,{},success,1.3872034,5.9,0,False
C-1,C,60.0,26.41,10,96.41,1.0,34,34,R1 R2 R3 R4 R5 R6 R7 R8,8,0.7609,True,True,79,False,True,{},success,5.252276399999998,21.8,0,False
C-2,C,60.0,27.67,10,97.67,1.0,34,34,R1 R2 R3 R4 R5 R6 R7 R8,8,0.8448,True,True,96,False,True,{},success,5.507527799999997,23.6,0,False
C-3,C,60.0,28.57,10,98.57,1.0,34,34,R1 R2 R3 R4 R5 R6 R7 R8,8,0.9048,True,True,91,False,True,{},success,5.029889700000001,20.3,0,False
